Company Name,Company Website
www.tiri.narl.org.tw,"=HYPERLINK(""https://www.tiri.narl.org.tw/"", ""Link"")"
www.centra.com.tw,"=HYPERLINK(""https://www.centra.com.tw/"", ""Link"")"
www.siemens.com.tw,"=HYPERLINK(""https://www.siemens.com.tw/di"", ""Link"")"
www.evermore-tools.com,"=HYPERLINK(""http://www.evermore-tools.com/"", ""Link"")"
www.denso.com,"=HYPERLINK(""https://www.denso.com/tw/zh/business/industry/"", ""Link"")"
www.hope-group.com,"=HYPERLINK(""http://www.hope-group.com"", ""Link"")"
flexauto.com.tw,"=HYPERLINK(""http://flexauto.com.tw/"", ""Link"")"
www.extion.com.tw,"=HYPERLINK(""https://www.extion.com.tw/"", ""Link"")"
www.anly.com.tw,"=HYPERLINK(""https://www.anly.com.tw"", ""Link"")"
www.apic.com.tw,"=HYPERLINK(""https://www.apic.com.tw"", ""Link"")"
www.bayunion-tech.com,"=HYPERLINK(""https://www.bayunion-tech.com"", ""Link"")"
www.ratc.com.tw,"=HYPERLINK(""https://www.ratc.com.tw"", ""Link"")"
www.guanjingsensor.com.tw,"=HYPERLINK(""http://www.guanjingsensor.com.tw"", ""Link"")"
www.pht-gear.com.tw,"=HYPERLINK(""https://www.pht-gear.com.tw/"", ""Link"")"
WWW.SSPM.COM.TW,"=HYPERLINK(""HTTP://WWW.SSPM.COM.TW"", ""Link"")"
www.runace.com.tw,"=HYPERLINK(""http://www.runace.com.tw/"", ""Link"")"
www.grandhyper.com.tw,"=HYPERLINK(""http://www.grandhyper.com.tw/"", ""Link"")"
www.eys3d.com,"=HYPERLINK(""https://www.eys3d.com/"", ""Link"")"
www.gmwtaiwan.com,"=HYPERLINK(""https://www.gmwtaiwan.com/"", ""Link"")"
www.tes.com.tw,"=HYPERLINK(""http://www.tes.com.tw"", ""Link"")"
www.teo.com.tw,"=HYPERLINK(""https://www.teo.com.tw/"", ""Link"")"
www.jiuh-woei.com.tw,"=HYPERLINK(""http://www.jiuh-woei.com.tw/"", ""Link"")"
www.wado.com.tw,"=HYPERLINK(""https://www.wado.com.tw/"", ""Link"")"
www.boker.com.tw,"=HYPERLINK(""http://www.boker.com.tw"", ""Link"")"
chiayeh-casting.com.tw,"=HYPERLINK(""http://chiayeh-casting.com.tw"", ""Link"")"
www.sunswin.com.tw,"=HYPERLINK(""https://www.sunswin.com.tw"", ""Link"")"
www.boschrexroth.com,"=HYPERLINK(""https://www.boschrexroth.com/zh/tw/"", ""Link"")"
www.ptfe.com.tw,"=HYPERLINK(""https://www.ptfe.com.tw"", ""Link"")"
www.tianfeng.com.tw,"=HYPERLINK(""http://www.tianfeng.com.tw"", ""Link"")"
www.smart-robot.com.tw,"=HYPERLINK(""http://www.smart-robot.com.tw/"", ""Link"")"
www.da-cei.com,"=HYPERLINK(""https://www.da-cei.com"", ""Link"")"
www.norda.com.tw,"=HYPERLINK(""https://www.norda.com.tw/"", ""Link"")"
4dtechnology.com.tw,"=HYPERLINK(""https://4dtechnology.com.tw/"", ""Link"")"
www.ss2sea.com,"=HYPERLINK(""http://www.ss2sea.com"", ""Link"")"
www.takigen.com.tw,"=HYPERLINK(""https://www.takigen.com.tw/"", ""Link"")"
www.taiwanalpha.com,"=HYPERLINK(""https://www.taiwanalpha.com"", ""Link"")"
www.tidtech.com.tw,"=HYPERLINK(""https://www.tidtech.com.tw"", ""Link"")"
dmipcmm.com,"=HYPERLINK(""https://dmipcmm.com"", ""Link"")"
www.noutemp.com,"=HYPERLINK(""https://www.noutemp.com/"", ""Link"")"
